{
  "scene": "scene-123",
  "frame": 0,
  "image": "input/camfront_scene_123_frame0.jpg",
  "scene_description": "",
  "trajectory": [
    [
      0.52,
      0.0
    ],
    [
      1.3,
      0.0136100100521441
    ],
    [
      1.860107523773827,
      0.0102399986002776
    ],
    [
      2.34,
      0.0059461650206183
    ],
    [
      2.680074625826677,
      0.0033781926919575
    ],
    [
      3.1200102563933987,
      0.0005777712925351
    ]
  ],
  "ade": 5.8158069156365855,
  "fde": 9.132848977946253,
  "l2": [
    1.8100276240985935,
    3.3500597009605664,
    5.390118191233136,
    6.880439220118875,
    8.331347779462092,
    9.132848977946253
  ],
  "inference_time": 60.53078818321228,
  "error": null
}