{
  "pipeline": "jac",
  "total_runs": 2,
  "valid_runs": 2,
  "error_runs": 0,
  "error_ratio": 0.0,
  "mean_ade": 5.8158069156365855,
  "mean_fde": 9.132848977946253,
  "mean_l2": 5.8158069156365855,
  "mean_inference_time": 117.78813147544861
}