{
  "scene": "scene-123",
  "frame": 0,
  "image": "input/camfront_scene_123_frame0.jpg",
  "scene_description": "",
  "trajectory": [
    [
      3.720021052566782,
      0.0005777712925351152
    ],
    [
      3.1200102563933987,
      0.0005777712925351152
    ],
    [
      2.680074625826677,
      0.0005777712925351152
    ],
    [
      2.34,
      0.0005777712925351152
    ],
    [
      1.860107523773827,
      0.0005777712925351152
    ],
    [
      1.3000000000000007,
      0.0005777712925351152
    ]
  ],
  "ade": 3.4718843985902765,
  "fde": 7.530268587043838,
  "l2": [
    0.2102274460477945,
    0.8402648889943978,
    2.4701890372040833,
    3.960132928291661,
    5.820223503959884,
    7.530268587043838
  ],
  "inference_time": 11.297004699707031,
  "error": null
}