{
  "scene": "scene-123",
  "frame": 0,
  "image": "input/camfront_scene_123_frame0.jpg",
  "scene_description": "",
  "trajectory": [
    [
      3.4200102563933985,
      0.0005777712925351
    ],
    [
      3.1200102563933987,
      0.0005777712925351
    ],
    [
      2.680074625826677,
      0.0005777712925351
    ],
    [
      2.34,
      0.0005777712925351
    ],
    [
      1.860107523773827,
      0.0005777712925351
    ],
    [
      1.3000000000000007,
      0.0005777712925351
    ]
  ],
  "ade": 3.6218567600587654,
  "fde": 7.680261226084208,
  "l2": [
    0.3601337358880376,
    0.9902248362737497,
    2.620177137497495,
    4.110127986478482,
    5.97021563813062,
    7.680261226084208
  ],
  "inference_time": 119.09703493118286,
  "error": null
}